difference in,,,score,score,score,score,feat importance train,feat importance train,feat importance train,feat importance train,feat importance test,feat importance test,feat importance test,feat importance test
correlation,,,1.0,0.9100000262260437,0.8199999928474426,0.5350000262260437,1.0,0.9100000262260437,0.8199999928474426,0.5350000262260437,1.0,0.9100000262260437,0.8199999928474426,0.5350000262260437
task,feature,dataset,,,,,,,,,,,,
classification,categorical,heart,0.012658238410949707,-0.04273504018783569,-0.14719843864440918,-0.043687522411346436,0.21971415566434116,0.21971415566434116,0.21971415566434116,0.03931753335020985,0.21217501461979016,0.1549821638056932,0.039247161918768286,0.062327154897586
