difference in,,,score,score,score,score,feat importance train,feat importance train,feat importance train,feat importance train,feat importance test,feat importance test,feat importance test,feat importance test
correlation,,,0.9461414217948914,0.8532062768936157,0.7507578134536743,0.46299001574516296,0.9461414217948914,0.8532062768936157,0.7507578134536743,0.46299001574516296,0.9461414217948914,0.8532062768936157,0.7507578134536743,0.46299001574516296
task,feature,dataset,,,,,,,,,,,,
classification,numerical,a1a,0.18446600437164307,0.18432074785232544,0.16693931818008423,0.14745402336120605,0.31130751420032127,0.14613547134517635,0.06587035898381144,0.01661730933752681,0.35367161783174234,0.21770017005060943,0.10449498052034001,0.03546084552215348
