difference in,,,score,score,score,score,feat importance train,feat importance train,feat importance train,feat importance train,feat importance test,feat importance test,feat importance test,feat importance test
correlation,,,0.9607101082801819,0.8658665418624878,0.769183874130249,0.4382224678993225,0.9607101082801819,0.8658665418624878,0.769183874130249,0.4382224678993225,0.9607101082801819,0.8658665418624878,0.769183874130249,0.4382224678993225
task,feature,dataset,,,,,,,,,,,,
classification,numerical,heart,0.025641024112701416,0.026990532875061035,0.02489328384399414,0.0,0.25039480567155514,0.1356513103586288,0.05706248951934312,-0.00026177983922534565,0.24645130744936955,0.1523558448250716,0.10071985180264581,0.03980852863586909
