difference in,,,score,score,score,score,feat importance train,feat importance train,feat importance train,feat importance train,feat importance test,feat importance test,feat importance test,feat importance test
correlation,,,1.0,0.8905820250511169,0.8004730939865112,0.4979645013809204,1.0,0.8905820250511169,0.8004730939865112,0.4979645013809204,1.0,0.8905820250511169,0.8004730939865112,0.4979645013809204
task,feature,dataset,,,,,,,,,,,,
classification,categorical,breast cancer,0.006289303302764893,-0.1328369379043579,-0.2695980668067932,0.020077407360076904,0.38732810430684916,0.38732810430684916,0.38732810430684916,-0.010957789344015534,0.3644128652740688,0.24849270922301142,0.09860428280240463,0.006697604762741227
