difference in,,,score,score,score,score,feat importance train,feat importance train,feat importance train,feat importance train,feat importance test,feat importance test,feat importance test,feat importance test
correlation,,,1.0,0.8802726864814758,0.7561110258102417,0.5077877640724182,1.0,0.8802726864814758,0.7561110258102417,0.5077877640724182,1.0,0.8802726864814758,0.7561110258102417,0.5077877640724182
task,feature,dataset,,,,,,,,,,,,
classification,categorical,svmguide3,0.018181800842285156,0.0037247538566589355,0.003774672746658325,0.1331017017364502,0.04522851557419627,0.04522851557419627,0.04522851557419627,-0.13309316363951063,0.0423473192739281,0.023046093963197956,0.027123819837356927,0.029211397929567742
