difference in,,,score,score,score,score,feat importance train,feat importance train,feat importance train,feat importance train,feat importance test,feat importance test,feat importance test,feat importance test
correlation,,,0.8560839295387268,0.7496203184127808,0.6925262212753296,0.40243539214134216,0.8560839295387268,0.7496203184127808,0.6925262212753296,0.40243539214134216,0.8560839295387268,0.7496203184127808,0.6925262212753296,0.40243539214134216
task,feature,dataset,,,,,,,,,,,,
classification,numerical,breast cancer,0.018633544445037842,0.0,-0.006446540355682373,0.005978226661682129,0.5428539751480138,0.005541708706963966,-0.004759450201044402,-0.019706882531058012,0.5084595657569799,0.004914647692011775,-0.012985579170076506,-0.013587861740880697
