difference in,,,score,score,score,score,feat importance train,feat importance train,feat importance train,feat importance train,feat importance test,feat importance test,feat importance test,feat importance test
correlation,,,0.9447388648986816,0.8751887679100037,0.7907275557518005,0.5045629739761353,0.9447388648986816,0.8751887679100037,0.7907275557518005,0.5045629739761353,0.9447388648986816,0.8751887679100037,0.7907275557518005,0.5045629739761353
task,feature,dataset,,,,,,,,,,,,
classification,numerical,svmguide3,0.04294478893280029,0.02539682388305664,0.07042521238327026,0.23602616786956787,0.0527043071336063,-0.006094519730014181,-0.1287928733363125,-0.18565809271391873,0.0686091671904554,0.044934114449548646,0.017102169980992676,0.07136421025789974
