difference in,,,score,score,score,score,feat importance train,feat importance train,feat importance train,feat importance train,feat importance test,feat importance test,feat importance test,feat importance test
correlation,,,0.9968279600143433,0.8949710130691528,0.7928494811058044,0.5116184949874878,0.9968279600143433,0.8949710130691528,0.7928494811058044,0.5116184949874878,0.9968279600143433,0.8949710130691528,0.7928494811058044,0.5116184949874878
task,feature,dataset,,,,,,,,,,,,
regression,categorical,wine quality,0.09418118000030518,-0.19980782270431519,-0.4688393548130989,-0.10718067729612812,0.7909991171650628,0.7909991171650628,0.7909991171650628,0.1548238899409129,0.8424749294543308,0.5502194219389855,0.24908855996355467,-0.027971363137907018
