difference in,,,score,score,score,score,feat importance train,feat importance train,feat importance train,feat importance train,feat importance test,feat importance test,feat importance test,feat importance test
correlation,,,0.9931800961494446,0.9048705697059631,0.7993874549865723,0.5175157189369202,0.9931800961494446,0.9048705697059631,0.7993874549865723,0.5175157189369202,0.9931800961494446,0.9048705697059631,0.7993874549865723,0.5175157189369202
task,feature,dataset,,,,,,,,,,,,
regression,numerical,abalone,0.019522428512573242,-0.007194459438323975,-0.004620850086212158,0.06023049354553223,0.5883377418639641,0.12604493472445544,0.004192574163696006,-0.11551876248163373,0.6142196443998191,0.08882833571506676,-0.01770684396727551,-0.011098322542292954
